age_group_eff,variant_eff,estimate,SE,df,z.ratio,p.value,asymp.LCL,asymp.UCL
(0-9) effect,VOC effect,0.0251656977166947,0.0137667428756828,Inf,1.82800666388175,7.16e-01,-0.0159135177504337,0.0662449131838232
(10-19) effect,VOC effect,-0.0258927475964587,0.0112398244110574,Inf,-2.30366121831815,3.21e-01,-0.0594317751619472,0.00764627996902988
(20-29) effect,VOC effect,-0.00962419877652028,0.0118995715450715,Inf,-0.808785319712319,1.00e+00,-0.045131876073955,0.0258834785209144
(30-39) effect,VOC effect,0.0294065247267792,0.0115194762182648,Inf,2.55276578288808,1.76e-01,-0.00496696869223615,0.0637800181457946
(40-49) effect,VOC effect,0.0380698317148892,0.0110390765395625,Inf,3.44864278986129,1.01e-02,0.0051298249302909,0.0710098384994874
(50-59) effect,VOC effect,0.0289793322201402,0.0118573490869035,Inf,2.44399755862363,2.32e-01,-0.00640235554786837,0.0643610199881488
(60-69) effect,VOC effect,-0.00527562650135668,0.0161308932417868,Inf,-0.327051107603283,1.00e+00,-0.0534093386757217,0.0428580856730083
(70-79) effect,VOC effect,0.00788586049008244,0.0246847355749805,Inf,0.319463032777035,1.00e+00,-0.0657720541372671,0.081543775117432
(80+) effect,VOC effect,-0.0887146739942503,0.0387237727214439,Inf,-2.29096154014774,3.30e-01,-0.204264315451864,0.0268349674633634
