LR Chisq,Df,Pr(>Chisq)
5.42977105029152e-05,1,9.94e-01
955.347424496887,8,< 1e-16
194.280623092957,1,< 1e-16
2.89650338756234,8,9.41e-01
0.0881539580535575,1,7.67e-01
36.7439475516977,8,1.28e-05
