contrast,delta_r,t.ratio,p.value,delta_r,delta_r.lower.CL,delta_r.lower.CL,delta_r.upper.CL,M1.LCL,M1.UCL,M2,M2.LCL,M2.UCL
B.1.177 - minority variants,4.02840731763863e-07,59949.3618284009,4.35e-10,0.0241500447877296,0.0241490847774536,0.0241510047980056,1.14205040339498,1.14204437332022,1.14205643350158,1.09083140376216,1.09082763381499,1.09083517372236
(VOC 202012/01) - minority variants,1.2282631211954e-06,92598.7424569105,4.35e-10,0.113735620428894,0.113732693353439,0.113738547504348,1.86926613442816,1.86923604151378,1.869296227827,1.50598660293406,1.50597073372656,1.50600247230878
(VOC 202012/01) - B.1.177,1.21505150770994e-06,73729.8584238704,4.35e-10,0.0895855756411642,0.0895826800503232,0.0895884712320051,1.63676325394342,1.6367371874692,1.63678932083276,1.38058603533055,1.38057164400136,1.38060042680977
