contrast,SE,t.ratio,p.value,delta_r,delta_r.lower.CL,delta_r.upper.CL,M1,M1.LCL,M1.UCL,M2,M2.LCL,M2.UCL
B.1.177 - minority variants,4.59621239075858e-07,52930.4524492242,1.08e-13,0.0243279601395582,0.0243268729263736,0.0243290473527428,1.14316848599322,1.14316165024048,1.14317532178683,1.09153029990885,1.09152602770313,1.09153457213129
(VOC 202012/01) - minority variants,2.64173870959594e-06,45897.0150515214,1.08e-13,0.121247921316512,0.121241672403469,0.121254170229554,1.94811758876479,1.94805063501961,1.94818454481114,1.54727066381972,1.54723585667584,1.54730547174663
(VOC 202012/01) - B.1.177,2.6301080500399e-06,36850.1823244421,1.08e-13,0.0969199611769534,0.0969137397757084,0.0969261825781984,1.70413863978432,1.70408032906556,1.70419695249839,1.4175242445848,1.41749249658678,1.4175559932939
