nhs_name,logistic_growth_rate,asymp.LCL,asymp.UCL,M1,M1.LCL,M1.UCL,M2,M2.LCL,M2.UCL
South East,0.105333501485855,0.0950458693269778,0.115621133644732,1.78484978596985,1.68666343951495,1.88875188958429,1.46111611405401,1.40799277957102,1.5162437831526
London,0.11275275420243,0.0993001993676989,0.126205309037161,1.8591885853612,1.72659471609939,2.00196500296623,1.50066735894284,1.42972299786842,1.57513205393913
East of England,0.0939423386117658,0.0833368024056114,0.10454787481792,1.67645737626796,1.58146623449299,1.77715418334194,1.40241032784099,1.34987566560924,1.45698954188305
South West,0.116870150764976,0.0834203275020438,0.150319974027907,1.90177151711475,1.58219290805135,2.28590008519464,1.52307686598432,1.35028162122216,1.71798468055648
Midlands,0.121105335645668,0.101140014357475,0.14107065693386,1.94659043256416,1.74415479293705,2.17252180110087,1.54647664057448,1.43922396004814,1.66172191836115
North East and Yorkshire,0.152599070632005,0.123175271624915,0.182022869639094,2.31473425542498,1.96887830829807,2.72134374717622,1.73213829556275,1.55804367197704,1.92568612094669
Scotland,0.100877615583211,0.0606421972973581,0.141113033869064,1.74163945599342,1.39588983313742,2.17302821660028,1.43786505981112,1.24397501569705,1.66197544495471
North West,0.131576352806202,0.100333212778068,0.162819492834336,2.06198671012155,1.73643241166025,2.44857741894638,1.60588478098515,1.43504981945766,1.79705672572004
Wales,0.103963071249396,0.0729192542937672,0.135006888205026,1.77144729254441,1.49340074520119,2.10126151359338,1.45392537883486,1.30018857996362,1.62584031254855
