contrast,delta_r,2.5 %,97.5 %,M1,M1.LCL,M1.UCL,M2,M2.LCL,M2.UCL
VOC 202012/01 - B.1.177,0.0924304846769026,0.0889641712551072,0.0958967980986979,1.6625751004373,1.63117879718847,1.69457570767745,1.39479819933876,1.37750103928757,1.41231255831561
B.1.177 - minority variants,0.0245743759509653,0.0241428412127938,0.0250059106891368,1.14471885770047,1.14200515664018,1.14743900721977,1.09249902268912,1.09080311574022,1.09419756631951
VOC 202012/01 - minority variants,0.116971580349675,0.113495450507857,0.120447710191492,1.90283274051916,1.86679858627231,1.93956244932762,1.52363311372844,1.50468507201395,1.54281976237237
