1,logistic_growth_rate,asymp.LCL,asymp.UCL,M1,M1.LCL,M1.UCL,M2,M2.LCL,M2.UCL
overall,0.0475570502400151,0.0442185283686227,0.0508955721114074,1.29895978180508,1.27532609415055,1.32303143681143,1.18673445654251,1.17255684510274,1.20108349222238
