nhs_name,logistic_growth_rate,asymp.LCL,asymp.UCL,M1,M1.LCL,M1.UCL,M2,M2.LCL,M2.UCL
South East,0.0574896281633397,0.0467529220854268,0.0682263342412526,1.37189494393825,1.29322755140312,1.45534769589567,1.22993664679616,1.18330399257827,1.27840704047326
London,0.0349194906562602,0.0254883475203374,0.0443506337921829,1.2117398248157,1.15048766770539,1.2762530570822,1.13395346279354,1.09609958987637,1.17311462175302
East of England,0.0438378751520056,0.0334163949391604,0.0542593553648509,1.27265887377147,1.20176363317812,1.34773641361238,1.17095113042572,1.12783404810802,1.21571657829038
South West,0.0484963776566394,0.0349115371759349,0.0620812181373439,1.30568796369461,1.21168681945633,1.40698159884409,1.19075428535629,1.13392099530275,1.25043611853735
Midlands,0.0691333033879195,0.0588337214183255,0.0794328853575135,1.46262558808737,1.38207427406906,1.54787166729436,1.28258797499375,1.23590240690822,1.3310370660365
North East and Yorkshire,0.058841182738239,0.050205869069616,0.0674764964068619,1.38213099177349,1.31802220031876,1.44935804416554,1.23593560462174,1.19810498409067,1.27496074138367
Scotland,0.0615015932950636,0.0539736678675911,0.0690295187225361,1.40250337260722,1.34562040353486,1.46179093673623,1.24782961709371,1.21446688694282,1.28210885783463
North West,0.0809028050329901,0.0708368380921074,0.0909687719738729,1.56043624700109,1.47639397236257,1.64926254545617,1.33809919819728,1.29047790289968,1.38747781747596
Wales,0.0708898785693617,0.0607739880312384,0.0810057691074851,1.47682473271579,1.39690200933096,1.56132017606994,1.29072433765665,1.24456535549723,1.33859528425777
