1,logistic_growth_rate,asymp.LCL,asymp.UCL,M1,M1.LCL,M1.UCL,M2,M2.LCL,M2.UCL
overall,0.0611515682639545,0.0576098212745039,0.0646933152534051,1.39980595781127,1.37280215153376,1.42734094445782,1.24625822958462,1.2304689496339,1.26225011632312
