nhs_name,logistic_growth_rate,asymp.LCL,asymp.UCL,M1,M1.LCL,M1.UCL,M2,M2.LCL,M2.UCL
South East,0.0987645629431136,0.0928275635217135,0.104701562364514,1.72151565262172,1.66621002190782,1.77865701397489,1.426968732062,1.396793466588,1.45779588105938
London,0.101419216818922,0.0936413884406408,0.109197045197204,1.74683519815593,1.67368475581914,1.82318277017646,1.44067129284426,1.40089175035727,1.48158041011822
East of England,0.0876341031748884,0.0817140864383593,0.0935541199114175,1.61928965329645,1.5674145451858,1.6728816185396,1.37092099271114,1.34201298073036,1.40045170593898
South West,0.100460117418985,0.0851549775215656,0.115765257316405,1.73764482205165,1.59736017550532,1.89024965934671,1.4357055813762,1.35874016217521,1.51703068311083
Midlands,0.124131601338136,0.113802267169925,0.134460935506347,1.97926152380171,1.86995145275251,2.09496143540809,1.56341692860748,1.50634797504086,1.62264797587035
North East and Yorkshire,0.121494369007331,0.110521862094307,0.132466875920355,1.95075997913707,1.83651589541908,2.07211084080188,1.54864402957853,1.48866344934834,1.61104132125973
Scotland,0.143256044342482,0.118175635304563,0.168336453380401,2.19879227536374,1.91547569057542,2.52401400549587,1.67484690254323,1.53025178480413,1.83310496665601
North West,0.143964420016339,0.129089106298229,0.158839733734449,2.20737562543488,2.03397109099169,2.39556362100916,1.67912346806407,1.59156973299451,1.77149361573919
Wales,0.111684567535797,0.0997283043267119,0.123640830744881,1.84829782592063,1.730664906689,1.97392622921938,1.49490766609937,1.43192815412037,1.5606571626741
