nhs_name,logistic_growth_rate,asymp.LCL,asymp.UCL,M1,M1.LCL,M1.UCL,M2,M2.LCL,M2.UCL
South East,0.107201407084513,0.0995117494957501,0.114891064673277,1.80328091980514,1.72860482261097,1.88118304033281,1.47097443995683,1.43081226169659,1.51226395029674
London,0.116520269615327,0.106881040975737,0.126159498254917,1.89811536906426,1.80010631197537,2.00146065280129,1.52115964848912,1.46927891659679,1.57487230644484
East of England,0.106604952285007,0.0992457939110685,0.113964110658946,1.79737494680089,1.72607814443342,1.87161671086909,1.46781929743612,1.42944300025223,1.50722588417006
South West,0.121654960125702,0.10189730686371,0.141412613387694,1.95248375128384,1.75143453732577,2.17661163907856,1.54953960294762,1.443153002067,1.66376882954479
Midlands,0.138296885653287,0.125482881931097,0.151110889375476,2.13962990201355,1.99402627926146,2.29586548843585,1.6452112383629,1.57104087116251,1.72288326072173
North East and Yorkshire,0.157015185236249,0.140776751544874,0.173253618927625,2.37164431600902,2.16901280072111,2.59320588600856,1.75989591280677,1.65996464767698,1.86584312397759
Scotland,0.148613247023124,0.119925551910117,0.177300942136131,2.26454274196462,1.93400026780978,2.65157865567008,1.70746137135785,1.53992234045254,1.89322815709165
North West,0.151370648062058,0.132989073977676,0.16975222214644,2.29914787312551,2.07807068271008,2.54374453500486,1.72449513627647,1.61407278734682,1.84247172640188
Wales,0.149865419210579,0.133527691971374,0.166203146449783,2.28019235505106,2.08423588453547,2.49457233445152,1.71517567394327,1.61720555074525,1.81908081575102
