nhs_name,logistic_growth_rate,asymp.LCL,asymp.UCL,M1,M1.LCL,M1.UCL,M2,M2.LCL,M2.UCL
South East,0.0980704160639107,0.0925306527947528,0.103610179333069,1.71495576683357,1.66349130639663,1.76801241514543,1.42340729059809,1.39530126155421,1.45207946896785
London,0.104664524655995,0.0971887316038547,0.112140317708134,1.77829472528637,1.7066596240152,1.85293662865323,1.45760151770933,1.41889646728783,1.49736237520533
East of England,0.0922394556214194,0.0866001193779185,0.0978787918649203,1.66082921693163,1.6101070324649,1.71314927032584,1.39383931995204,1.36582744222383,1.42242569579736
South West,0.10208648807849,0.0870770250997526,0.117095951057228,1.75325784755898,1.6143358570156,1.90413479739578,1.44413619961047,1.36817439165989,1.52431544965198
Midlands,0.124100974961868,0.114123659722569,0.134078290201167,1.97892815503477,1.87325981250604,2.0905571222127,1.56324456364727,1.50809184816355,1.62041427963991
North East and Yorkshire,0.126468213739917,0.115658095864156,0.137278331615678,2.004861889953,1.88913589715563,2.12767710562158,1.57662355429621,1.516445554024,1.63918963352526
Scotland,0.143328254635163,0.118753510642673,0.167902998627652,2.19966571368377,1.92157335948953,2.51800392010082,1.67528234740537,1.53343855962337,1.83024675225159
North West,0.144962135183751,0.13031574857144,0.159608521796062,2.2195217472529,2.04773973614849,2.40571431005885,1.68516534512628,1.59861350606479,1.77640325797391
Wales,0.113956427267203,0.102244281481789,0.125668573052617,1.87153762053612,1.75478009689036,1.99606382092494,1.50718419456175,1.44495678325399,1.57209144429993
