contrast,SE,t.ratio,p.value,delta_r,delta_r.lower.CL,delta_r.upper.CL,M1,M1.LCL,M1.UCL,M2,M2.LCL,M2.UCL
(VOC 202012/01) - minority variants,0.00401906152065229,26.5580881100986,< 1e-16,0.106738589985391,0.0976942195495077,0.115782960421274,1.7986965162234,1.71141105314763,1.89043371639082,1.46852562891278,1.42148086427862,1.5171273683435
(VOC 202012/01) - B.1.177,0.00401790098838416,26.1233152915312,< 1e-16,0.104960894329714,0.0959191355193766,0.114002653140052,1.78119576849371,1.69478390894406,1.87201350505898,1.45915750761891,1.41242613359319,1.50743503069015
B.1.177 - minority variants,0.000992289444094923,45.2195638437302,< 1e-16,0.0448708958687099,0.0429163095288795,0.0468254822085403,1.2799102103128,1.26622458133494,1.2937437565269,1.17531385800954,1.16707277755569,1.18361313141276
